{
      "metrics_per_fold": [
            {
                  "parameters": {
                        "n_estimators": 10,
                        "criterion": "gini",
                        "max_depth": null,
                        "min_samples_split": 2,
                        "min_samples_leaf": 1,
                        "max_features": "sqrt",
                        "bootstrap": true,
                        "oob_score": true,
                        "ccp_alpha": 0.0,
                        "random_state": 42
                  }
            },
            {
                  "average_tree_stats": {
                        "average_tree_depth": 13.8,
                        "average_tree_impurity": 0.1834555542811739,
                        "average_tree_size": 331.2,
                        "average_splits_per_level": 24.272371256194788,
                        "average_information_gain_per_split": 0.061151851427057966,
                        "feature_importance": [
                              0.35119147361016323,
                              0.32052205455124594,
                              0.32828647183859083
                        ],
                        "oob_error": 0.16083333333333338
                  }
            },
            {
                  "fold": 1,
                  "confusion_matrix": [
                        [
                              38,
                              1,
                              0,
                              0
                        ],
                        [
                              1,
                              156,
                              5,
                              0
                        ],
                        [
                              0,
                              16,
                              78,
                              2
                        ],
                        [
                              0,
                              0,
                              1,
                              2
                        ]
                  ],
                  "classification_report": {
                        "1": {
                              "precision": 0.9743589743589743,
                              "recall": 0.9743589743589743,
                              "f1-score": 0.9743589743589743,
                              "support": 39.0
                        },
                        "2": {
                              "precision": 0.9017341040462428,
                              "recall": 0.9629629629629629,
                              "f1-score": 0.9313432835820895,
                              "support": 162.0
                        },
                        "3": {
                              "precision": 0.9285714285714286,
                              "recall": 0.8125,
                              "f1-score": 0.8666666666666667,
                              "support": 96.0
                        },
                        "4": {
                              "precision": 0.5,
                              "recall": 0.6666666666666666,
                              "f1-score": 0.5714285714285714,
                              "support": 3.0
                        },
                        "accuracy": 0.9133333333333333,
                        "macro avg": {
                              "precision": 0.8261661267441613,
                              "recall": 0.8541221509971509,
                              "f1-score": 0.8359493740090755,
                              "support": 300.0
                        },
                        "weighted avg": {
                              "precision": 0.915745939994495,
                              "recall": 0.9133333333333333,
                              "f1-score": 0.912639658848614,
                              "support": 300.0
                        }
                  }
            },
            {
                  "average_tree_stats": {
                        "average_tree_depth": 14.1,
                        "average_tree_impurity": 0.18116154064857884,
                        "average_tree_size": 324.0,
                        "average_splits_per_level": 23.261822515719572,
                        "average_information_gain_per_split": 0.06038718021619294,
                        "feature_importance": [
                              0.33295362752816116,
                              0.3276068541843328,
                              0.33943951828750607
                        ],
                        "oob_error": 0.16083333333333338
                  }
            },
            {
                  "fold": 2,
                  "confusion_matrix": [
                        [
                              36,
                              7,
                              0,
                              0
                        ],
                        [
                              0,
                              159,
                              11,
                              0
                        ],
                        [
                              0,
                              11,
                              70,
                              2
                        ],
                        [
                              0,
                              0,
                              4,
                              0
                        ]
                  ],
                  "classification_report": {
                        "1": {
                              "precision": 1.0,
                              "recall": 0.8372093023255814,
                              "f1-score": 0.9113924050632911,
                              "support": 43.0
                        },
                        "2": {
                              "precision": 0.8983050847457628,
                              "recall": 0.9352941176470588,
                              "f1-score": 0.9164265129682997,
                              "support": 170.0
                        },
                        "3": {
                              "precision": 0.8235294117647058,
                              "recall": 0.8433734939759037,
                              "f1-score": 0.8333333333333334,
                              "support": 83.0
                        },
                        "4": {
                              "precision": 0.0,
                              "recall": 0.0,
                              "f1-score": 0.0,
                              "support": 4.0
                        },
                        "accuracy": 0.8833333333333333,
                        "macro avg": {
                              "precision": 0.6804586241276172,
                              "recall": 0.6539692284871359,
                              "f1-score": 0.6652880628412311,
                              "support": 300.0
                        },
                        "weighted avg": {
                              "precision": 0.8802160186108343,
                              "recall": 0.8833333333333333,
                              "f1-score": 0.8804968242966639,
                              "support": 300.0
                        }
                  }
            },
            {
                  "average_tree_stats": {
                        "average_tree_depth": 15.0,
                        "average_tree_impurity": 0.18343275904478334,
                        "average_tree_size": 325.6,
                        "average_splits_per_level": 21.85586477505982,
                        "average_information_gain_per_split": 0.061144253014927784,