{
    "metrics_per_fold": [
        {
            "criterion": "entropy",
            "max_depth": null,
            "min_samples_split": 2,
            "max_features": "sqrt",
            "max_leaf_nodes": null,
            "splitter": "best",
            "ccp_alpha": 0.001,
            "random_state": 42
        },
        {
            "fold": 0,
            "confusion_matrix": [
                [
                    34,
                    5,
                    0,
                    0
                ],
                [
                    3,
                    157,
                    2,
                    0
                ],
                [
                    1,
                    22,
                    70,
                    3
                ],
                [
                    0,
                    0,
                    0,
                    3
                ]
            ],
            "classification_report": {
                "1": {
                    "precision": 0.8947368421052632,
                    "recall": 0.8717948717948718,
                    "f1-score": 0.8831168831168831,
                    "support": 39.0
                },
                "2": {
                    "precision": 0.8532608695652174,
                    "recall": 0.9691358024691358,
                    "f1-score": 0.9075144508670521,
                    "support": 162.0
                },
                "3": {
                    "precision": 0.9722222222222222,
                    "recall": 0.7291666666666666,
                    "f1-score": 0.8333333333333334,
                    "support": 96.0
                },
                "4": {
                    "precision": 0.5,
                    "recall": 1.0,
                    "f1-score": 0.6666666666666666,
                    "support": 3.0
                },
                "accuracy": 0.88,
                "macro avg": {
                    "precision": 0.8050549834731757,
                    "recall": 0.8925243352326685,
                    "f1-score": 0.8226578334959838,
                    "support": 300.0
                },
                "weighted avg": {
                    "precision": 0.8931877701500127,
                    "recall": 0.88,
                    "f1-score": 0.8781963316067364,
                    "support": 300.0
                }
            },
            "tree_depth": 15
        },
        {
            "fold": 1,
            "confusion_matrix": [
                [
                    35,
                    8,
                    0,
                    0
                ],
                [
                    8,
                    143,
                    19,
                    0
                ],
                [
                    0,
                    15,
                    64,
                    4
                ],
                [
                    0,
                    1,
                    1,
                    2
                ]
            ],
            "classification_report": {
                "1": {
                    "precision": 0.813953488372093,
                    "recall": 0.813953488372093,
                    "f1-score": 0.813953488372093,
                    "support": 43.0
                },
                "2": {
                    "precision": 0.8562874251497006,
                    "recall": 0.8411764705882353,
                    "f1-score": 0.8486646884272997,
                    "support": 170.0
                },
                "3": {
                    "precision": 0.7619047619047619,
                    "recall": 0.7710843373493976,
                    "f1-score": 0.7664670658682635,
                    "support": 83.0
                },
                "4": {
                    "precision": 0.3333333333333333,
                    "recall": 0.5,
                    "f1-score": 0.4,
                    "support": 4.0
                },
                "accuracy": 0.8133333333333334,
                "macro avg": {
                    "precision": 0.6913697521899722,
                    "recall": 0.7315535740774315,
                    "f1-score": 0.7072713106669141,
                    "support": 300.0
                },
                "weighted avg": {
                    "precision": 0.8171343028229257,
                    "recall": 0.8133333333333334,
                    "f1-score": 0.814965878332356,
                    "support": 300.0
                }
            },
            "tree_depth": 15
        },
        {
            "fold": 2,
            "confusion_matrix": [
                [
                    29,
                    16,
                    0,
                    0
                ],
                [
                    12,
                    131,
                    11,
                    0
                ],
                [
                    0,
                    10,
                    85,
                    1
                ],
                [
                    0,
                    0,
                    4,
                    1
                ]
            ],
            "classification_report": {
                "1": {
                    "precision": 0.7073170731707317,
                    "recall": 0.6444444444444445,
                    "f1-score": 0.6744186046511628,
                    "support": 45.0
                },
                "2": {
                    "precision": 0.8343949044585988,
                    "recall": 0.8506493506493507,
                    "f1-score": 0.842443729903537,
                    "support": 154.0
                },
                "3": {
                    "precision": 0.85,
                    "recall": 0.8854166666666666,
                    "f1-score": 0.8673469387755102,
                    "support": 96.0
                },
                "4": {
                    "precision": 0.5,
                    "recall": 0.2,
                    "f1-score": 0.2857142857142857,
                    "support": 5.0
                },
                "accuracy": 0.82,
                "macro avg": {
                    "precision": 0.7229279944073326,
                    "recall": 0.6451276154401154,
                    "f1-score": 0.6674808897611239,
                    "support": 300.0
                },
                "weighted avg": {
                    "precision": 0.8147536119310237,
                    "recall": 0.82,
                    "f1-score": 0.8159301638848914,
                    "support": 300.0
                }
            },
            "tree_depth": 13
        },
        {
            "fold": 3,
            "confusion_matrix": [
                [
                    49,
                    6,
                    0,
                    0
                ],
                [
                    2,
                    143,
                    33,
                    0
                ],
                [
                    0,
                    13,
                    43,
                    1
                ],
                [
                    0,
                    0,
                    4,
                    6
                ]
            ],
            "classification_report": {
                "1": {
                    "precision": 0.9607843137254902,
                    "recall": 0.8909090909090909,
                    "f1-score": 0.9245283018867925,
                    "support": 55.0
                },
                "2": {
                    "precision": 0.8827160493827161,
                    "recall": 0.8033707865168539,
                    "f1-score": 0.8411764705882353,
                    "support": 178.0
                },