{
    "metrics_per_fold": [
        {
            "accuracy": 0.7033333333333334,
            "confusion_matrix": [
                [
                    22,
                    17,
                    0,
                    0
                ],
                [
                    8,
                    147,
                    7,
                    0
                ],
                [
                    2,
                    52,
                    42,
                    0
                ],
                [
                    0,
                    1,
                    2,
                    0
                ]
            ],
            "classification_report": {
                "1": {
                    "precision": 0.6875,
                    "recall": 0.5641025641025641,
                    "f1-score": 0.6197183098591549,
                    "support": 39.0
                },
                "2": {
                    "precision": 0.6774193548387096,
                    "recall": 0.9074074074074074,
                    "f1-score": 0.7757255936675461,
                    "support": 162.0
                },
                "3": {
                    "precision": 0.8235294117647058,
                    "recall": 0.4375,
                    "f1-score": 0.5714285714285714,
                    "support": 96.0
                },
                "4": {
                    "precision": 0.0,
                    "recall": 0.0,
                    "f1-score": 0.0,
                    "support": 3.0
                },
                "accuracy": 0.7033333333333334,
                "macro avg": {
                    "precision": 0.5471121916508539,
                    "recall": 0.4772524928774929,
                    "f1-score": 0.4917181187388181,
                    "support": 300.0
                },
                "weighted avg": {
                    "precision": 0.7187108633776091,
                    "recall": 0.7033333333333334,
                    "f1-score": 0.6823123437193079,
                    "support": 300.0
                }
            }
        },
        {
            "accuracy": 0.7,
            "confusion_matrix": [
                [
                    25,
                    18,
                    0,
                    0
                ],
                [
                    10,
                    139,
                    21,
                    0
                ],
                [
                    0,
                    37,
                    46,
                    0
                ],
                [
                    0,
                    0,
                    4,
                    0
                ]
            ],
            "classification_report": {
                "1": {
                    "precision": 0.7142857142857143,
                    "recall": 0.5813953488372093,
                    "f1-score": 0.6410256410256411,
                    "support": 43.0
                },
                "2": {
                    "precision": 0.7164948453608248,
                    "recall": 0.8176470588235294,
                    "f1-score": 0.7637362637362637,
                    "support": 170.0
                },
                "3": {
                    "precision": 0.647887323943662,
                    "recall": 0.5542168674698795,
                    "f1-score": 0.5974025974025974,
                    "support": 83.0
                },
                "4": {
                    "precision": 0.0,
                    "recall": 0.0,
                    "f1-score": 0.0,
                    "support": 4.0
                },
                "accuracy": 0.7,
                "macro avg": {
                    "precision": 0.5196669708975503,
                    "recall": 0.48831481878265454,
                    "f1-score": 0.5005411255411255,
                    "support": 300.0
                },
                "weighted avg": {
                    "precision": 0.6876435243764996,
                    "recall": 0.7,
                    "f1-score": 0.6899456099456099,
                    "support": 300.0
                }
            }
        },
        {
            "accuracy": 0.6333333333333333,
            "confusion_matrix": [
                [
                    8,
                    36,
                    1,
                    0
                ],
                [
                    2,
                    127,
                    25,
                    0
                ],
                [
                    0,
                    41,
                    55,
                    0
                ],
                [
                    0,
                    0,
                    5,
                    0
                ]
            ],
            "classification_report": {
                "1": {
                    "precision": 0.8,
                    "recall": 0.17777777777777778,
                    "f1-score": 0.2909090909090909,
                    "support": 45.0
                },
                "2": {
                    "precision": 0.6225490196078431,
                    "recall": 0.8246753246753247,
                    "f1-score": 0.7094972067039106,
                    "support": 154.0
                },
                "3": {
                    "precision": 0.6395348837209303,
                    "recall": 0.5729166666666666,
                    "f1-score": 0.6043956043956044,
                    "support": 96.0
                },
                "4": {
                    "precision": 0.0,
                    "recall": 0.0,
                    "f1-score": 0.0,
                    "support": 5.0
                },
                "accuracy": 0.6333333333333333,
                "macro avg": {
                    "precision": 0.5155209758321934,
                    "recall": 0.39384244227994225,
                    "f1-score": 0.40120047550215143,
                    "support": 300.0
                },
                "weighted avg": {
                    "precision": 0.6442263261893905,
                    "recall": 0.6333333333333333,
                    "f1-score": 0.6012515231509644,
                    "support": 300.0
                }
            }
        },
        {
            "accuracy": 0.6566666666666666,
            "confusion_matrix": [
                [
                    22,
                    31,
                    2,
                    0
                ],
                [
                    9,
                    150,
                    19,
                    0
                ],
                [
                    0,
                    32,
                    25,
                    0
                ],
                [
                    0,
                    1,
                    9,
                    0
                ]
            ],
            "classification_report": {
                "1": {
                    "precision": 0.7096774193548387,
                    "recall": 0.4,
                    "f1-score": 0.5116279069767442,
                    "support": 55.0
                },
                "2": {
                    "precision": 0.7009345794392523,
                    "recall": 0.8426966292134831,
                    "f1-score": 0.7653061224489796,
                    "support": 178.0
                },
                "3": {
                    "precision": 0.45454545454545453,
                    "recall": 0.43859649122807015,
                    "f1-score": 0.44642857142857145,
                    "support": 57.0
                },
                "4": {
                    "precision": 0.0,
                    "recall": 0.0,
                    "f1-score": 0.0,